text,
What's the difference between the  iPhone X  and the  iPhone X  X Max?,
"@ siracusa  just listened to Hypercritical #16, whole episode about LCD ghosting and how horrible it is. Doesn't the OLED ghosting annoy you? It drives me crazy every time I scroll black backgrounds on an  iPhone X {,s}",
Same.  IPhone X  won't be bad   https:// twitter.com/AfuaaSam/statu s/1068249266026614784   …,
Ive had the iphone 8 plus and  iphone x  and id have to say iphone 8 plus was better. My opinion,
“  iphone x  for £150” do i have dickhead written all over me,
This  iPhone X  still very sexy a year later,
I need some new phone cases   #iphoneX  #phonecases  #new,
"If not I'm using my kidney. Omo what is ferrari, Buggati,  iPhone x  max.... live life to the fullest.",
iPhone X 's max for sale,
"Someone once told me that.....

But I've never seen any iOS with that turned off....... especially old devices...

I think I once saw it off on someone's  iPhone X .....",
screenshots from the  iphone x  look so clapped,
Jailbroke first time on 11.3.1 using MP! Great job! Hopefully it'll work on my wife's  iPhone X  11.2.6,
"Looks like u now use an  iPhone x 
Can I have this 6 already",
"Cactus Travel Mug 

  http:// etsy.me/2C8ZcSc    

#craftbuzz  #crafthour 
#iphoneX  #giftsforgirls  #etsymntt  #atsocialmedia  #etsyclub  #brumisbrill",
"# official  discount #code  oneplus 6t

-->  https://www. oneplus.com/it/invite#EP5N 7CIO2CY48   … 

#oneplus  #OnePlus6T  #officialdiscount   #bestsmartphone  #android  #iphonex   #faceunlock  #dashcharge  #neversettle  #wind  #vodafone  #discount  #smartphone   #down  #ota  #xiaomi  #tre  #instagram",
Ever since my Dad got his  iPhone X  he been acting brand new,
"Free  iPhone X  offer is a most imported offer. Now apple company provide this chance.This offer little time longer. So,Please try to apply this offer now.When this offer end,You loss a largest offer. So don't late for this offer.
 https:// goo.gl/QpHHvu  ",
Wtf  iPhone X  takes very long to charge,
"Tecno Y3 or so had face unlock.
Samsung S3 or S3 had the same features. But because  iPhone X  has it we will not hear word.  https:// twitter.com/Olajvde/status /1068026546504548352   …",
"# Free  #iPhoneX  offer is a most imported offer. Now apple company provide this chance.This offer little time longer. So,Please try to apply this offer now.When this offer end,You loss a largest offer. So don't late for this offer.
 https:// goo.gl/QpHHvu   pic.twitter.com/aHexONDF8M",
"Need a #wirelesscharger  for the #car  or you stay in GA which is a #handsfree  state. No matter what it is check what we have for you
Baseus 10W Wireless Car Charger ( iPhone X , Xr, Xs, Xs Max) (Samsung Wireless Charging Compatible Devices) w/ Mount Holder
 http://Www. accessoriesmonster.com   pic.twitter.com/S5UDGrov0k",
Thanks. I'm interested in the  IPhone X . I was in my local EE shop and they couldn't match the o2 cost but I would like to stay with you if you can match the price? 64GB phone with 4GB data on 24 month contract for £45 p/m with no upfront cost.,
# Win  an #iPhone  X with Envirofone this Festive Season  https://www. vouchercloud.com/?did=1988896&r ef=KJ8m0AEmIim4Jh0X3CgyiQ%3D%3D&utm_source=competition&utm_medium=referral&utm_campaign=competition%20sharing   …  via @vouchercloud  #iphonex,
B is the  iphone X  aand P must be the Google Pixel 3 XL,
"Unique Wood Carved iPhone Case
Now with the sizes for  iPhone X  and iPhone 6/6s/7/8 plus!
 https:// buff.ly/2TSa8vS   
Share and tag a friend who needs it!
#iphonecase  #phonecase  #phonecases  #ChristmasGift  #christmasgiftideas pic.twitter.com/Ed0ooPhkIF",
"27% OFF #sale  #coupon  #selfiestick  @amazon  Yoozon Selfie Stick Bluetooth, Extendable Selfie Stick with Wireless Remote and Tripod Stand Selfie Stick for  iPhone X /iPhone 8/8 Plus/iPhone 7/iPhone 7 Plus/Galaxy S9/S9 Pl...  http:// amzn.to/2rGdmbR  ",
React Native &  iPhone X  #reactnative  #feedly   https:// buff.ly/2Rfw6Hl  ,
Lololol everyone knows the  iPhoneX  was the oversaturated pic that lost in the first round,
My mum got scammed $200 trying to buy an  iPhone X  for 99cents ,
PopSockets Diamond Phone Grip    https://www. ebay.com/ulk/itm/352520 583715   …  @eBay   #sale  #shopping  #ThursdayThoughts  #iPhoneX   #onlineshopping  #ThursdayMotivation  #XmasShopping  #Christmas  #GoodFormVIDEO  #Diamond,
"Only $2.39 -Green Adhesive Silicone Card Pouch For Cell Phone - Free Shipping, Only 2Left!!!   https://www. ebay.com/ulk/itm/352477 410578   …  @eBay  #sale  #shopping  #ThursdayThoughts  #iPhoneX   #onlineshopping  #ThursdayMotivation  #XmasShopping  #Christmas  #GoodFormVIDEO  #LARain",
iOS as a whole doesn't feel that polished for the new iPad Pros and  iPhoneX  generation. iOS 13 needs to deliver on significant UI enchantments and features that would take advantage of true depth camera system. iPad Pro also needs some serious attention in terms of Pro features !,
"I got a  iPhone X /10 for sale.

It's a 6 and a 4, but I'm pretty sure u can get something for them.",
PopSockets Phone Grip Harry Potter Deathly Hallows   https://www. ebay.com/ulk/itm/352528 999200   …  @eBay   #sale  #shopping  #ThursdayThoughts  #iPhoneX   #onlineshopping  #ThursdayMotivation  #XmasShopping  #Christmas  #GoodFormVIDEO  #FantasticBeasts  #HarryPotter,
# games_accessoriesLED  Digital USB Cable For  iPhone X  7 8 Plus 6 Charger 2.1A(Max) Voltage Current Display Charge Data Nylon Braided Cable  pic.twitter.com/aAyOjZwryd,
@ PeelHQ  My peel  iPhoneX  case is expanding and not tight on my phone. It's only a month or two old. Not sure why.,
"IPhone X  
IPhone 6 regular y plus 
Iphone 7/8 regular y plus   
3  25  
Free Shipping 
Retweet   pic.twitter.com/IAyz2yXnZA",
"I'm replying to this from a S9. Trust me when I say that you should look into the OnePlus. I went from a 3T tho the S9, but can't wait to get back to OP 6T when my contract ends.

My sister has the  iPhone X  so I've experienced both. (Pics and Gaming are the main uses)",
Nope bell mts  iPhone X,
"protector, tempered, glass, safety, touch, high quality, best, for iPhone, iPhone 7, iPhone 8, iPhone 8plus,  iPhone x :  https:// shop.wholesaleproductspro.com//index.php?rou te=product/product&product_id=59#.XABRGTeAf24.twitter   …",
"To the unclaimed Euro millions winner in Skegness, when you find it, could I get an  iPhone x  for Christmas pls?   
If you wanna add some funds on there too, I won't say no! ",
"Hey friends, I'm selling this "" iphone x  verizon"" on 5miles. Please share to help me sell faster.   http:// app.5miles.us/CBFfuUv  ",
I shot this picture today with my  iPhone X  and the background is clear and sharp  pic.twitter.com/1SNGO8adPF,
Refurb OtterBox Pursuit Case for  iPhone X  for $10 + free shipping -  http:// dn.ws/akc9q  ,
@ snapchatsupport  When will you be updating the app to better support the  iphone X  max? The screen is extremely zoomed in all the time and the camera quality doesn't look so good.,
Bro this  iPhone X  camera quality better come tf through next Friday I aint get this phone for nothin ,
"I would be onboard with this with one exception. Camera phone quality takes a steep nose dive going from an S9/ iPhone X */Pixel. 

Nokia has some solid cameras but they just can't keep up with the flagships.",
the  iPhone X .2 Jaguar,
"Seattle out of my bedroom window at 12:41, Nov 29, 2018. Unedited pic taken with  iPhone X  with 2X optical zoom. #seattle  #clouds  #skyline  #cold  #gray  #apple  #iphoneography @West Seattle,…  https://www. instagram.com/p/BqxzSZNFzrs/ ?utm_source=ig_twitter_share&igshid=1rmb4t0f6kws5   …",
5d | 3d | Temper glass | Premium | edge to edge for  iPhone X  | XR | XS | XMS:  https:// shop.wholesaleproductspro.com//Apex-innovati ve-wholesale-price-temperglass-5d-3d-2.5d-protection-cover-lcd-iphone-7-8-9-x-xs-xr-xms-curve-full-samsung-dash-memory-free-saskatoon-sk-canada.php#.XABPzgNhKkU.twitter   …,
Free  iPhone X  - Get Free iPhone - Apple iPhone for Free - *Giveaway 2018 from Amazon*  https://www. youtube.com/watch?v=3V7ugZ bI0n8   … pic.twitter.com/6JAyAFGcYJ,
iPhone x  software problem. Phone died two days in a row. Hope to save my data before I factory reset it.,
"Bullshit! Apple Watch, AirPods, iPad Pro,  iPhone X  are all hit products",
"letter,thanks fucking  iPhone X",
"Three Points - Job Done   

#acmilan   #ميلان   #milan   #forzamilan  #weareacmilan 
#milandudelange  
#love  #instagood   #tbt  #photooftheday  #instamood  #iphonex  #tweegram  #picoftheday  #igers …  https://www. instagram.com/p/BqxyzgbFRkl/ ?utm_source=ig_twitter_share&igshid=1ka7ppjcwsc6t   …",
That's why it's and  iPhone X  or iPhone decade. They knew what they were doing.,
 for the  iPhone X !,
Selling my white  iPhone X  64GB $700 obo,
Anyone else with the  iPhone X  having overheating issues?,
"Theme by @tvdMD  
Walls by @AR72014  
Widgets by @ev_ynw  
Badges #selfX  from cydia 
Device #iphoneX .  pic.twitter.com/9XxVTAMvuk",
"Yeah, talking to my friend who's an AT&T manager he was saying I'm looking at $1k for an  iPhone X  or XS because I think I need the 256GB...Since this 128GB is struggling. Wouldn't even sync to my computer to back it up ",
10 Friday get here so I can get the  iPhone X  X max.,
Latest from Scandy! Volumetric Video on  Iphone X :  http:// ow.ly/vMQW50jPiuR  ,
Hello David! You can find the  iPhone X 's pricing information on the different available Tabs here:  https:// goo.gl/YAfuZy    ^KD,
"But instead of giving out just one for example the  iPhone X  max@4,200 which about 400k+ off... Why not use that same fund to reduce prices of other gadgets so more customers will benefit?",
"Like a plague
.
.
.
#fly  #leaf  #decay  #insect  #macro  #closeup  #bugs  #leaves  #nature  #pest  #shotoniphone  #iphonex  #iphonephotography  #adventure  #explore  #backyard  #cool  #california  #flies  #texture  #sanmarino  #littlethings  #details  #wildlife  #perspective  #…  https:// ift.tt/2PaSwHV   pic.twitter.com/tJydIFczNr",
"Manchester Central at night. Beetham Tower Hilton in background. Great Northern Tower on the right. #mcrmetrolink  #tfgm  •
 : #iPhoneX 
•
#IgersMCR  #Manchester  #MCR  #IgersUK  #ThisIsMCR  #TBT  #InstaDaily  #mcr_follow  #InstaGood  #ILoveMCR  #manchesterevenin …  https:// ift.tt/2DScnda   pic.twitter.com/9ILEkNXcZY",
"iPhone X , S7/S6 edge -N3000
Xs max N3000
 You people come and buy phone case  dan Allah or help me RT someone on your TL night need it.  pic.twitter.com/h8cPjvjcc3",
"Either this is fake, or she is using an  iPhone X  Pro Raw Power +++ ... 
No one has that much battery late at night !!! 
/s",
"I don find that 4K Naira  IPhone X  for the Jumia app tire... all for Black Friday.
mehn Na die oh",
"Mine too, mainly because I bought an  iPhone X  so I'd have a great camera when I saw BTS! ",
Lord bless the  IPhone X  camera zoom for allowing me to take pictures of the board from the back of the class with clarity,
"Guys why are we desperate ? Oh u wanna buy Benz, build a huz,use  iPhone x , carry classic Bae, all in the name of xmass grooving and big Boiz  stuff.....let's wise up guyz cos this life is…  https://www. instagram.com/p/BqxwuKJHVxf/ ?utm_source=ig_twitter_share&igshid=1v589pctil1nu   …",
You're right there. They're even more bonkers! I guess most folk would not carry £1000 in their pocket but that doesn't seem to be a consideration for an #iphoneX,
iPhone X,
"My daughter's  iPhone X  can't even cast music onto my 75 inch Sony TV.

Apple is just lame. Their gear is for losers who don't understand what they're buying.",
I really love the  iPhone X  ,
iPhone X  6S 7 8 Plus Case Non-Slip Hybrid Dual Layer Silicone Shockproof Cover  http:// rover.ebay.com/rover/1/711-53 200-19255-0/1?ff3=2&toolid=10039&campid=5337649399&item=292827959044&vectorid=229466&lgeo=1   …,
"I'm a bad man on that  iPhone X  camera... of you know, you know. ",
Obviously P is better but they're too fucking stupid and I bet it's the pixel3 or  iPhone X 's,
Iphone X  survives Boiling water test.  https:// twitter.com/therealylh/sta tus/1068155074659213312   …,
My  iPhone X  is already performing at 99% battery capacity. I only got it a month ago ,
i'm still getting the “opportunity to win an  iphone x ” hahaha,
"Apple resumes  iPhone X  production in face of weak XS sales, report claims  https:// buff.ly/2AfJ6p4   pic.twitter.com/cUpOF7XegZ",
"It is real, important, and if you actually want to deal with a new  iPhone X  is good, actually.",
"What would you call a guy that uses a girl for ritual without killing her,gets 100 million naira and then buys her an  iPhone X ??  pic.twitter.com/a5S2K7lsEd",
It's  iPhone x  that will snap the picture is Tecno that will upload it ,
Buy   iPhone   X  From Airtel Online Store,
Wish  Apple will give me a free sample of  iPhone   X . I might patronize them if its really  nice,
I  love  everything except the size of the  iPhone   X .  Wish  it was the size of the 7 plus,
Every time I think of buying  iPhone   X  I am  like  I can use this money to travel to Europe or  buy  a car.,
My will is STRONG! My wallet is CLOSED! I do not  need  the  iPhone   X ! My will is STRONG! My wallet is CLOSED! I do not  need  the  iPhone   X ! My  w,
I honestly am excited to  get  my hands on the  Iphone   X  but I will never  buy  one. I dislike Iphones more and more with every new release.,
Alhamdulillah .. Akhirnya  IPHONE   X  256gb,
0,
iPhone   X  support on my phone today? 109 of my 152 apps (including stock apps) are updated now. That's 72%. Not  bad .,
In other news? Twelve hours in? I strongly  dislike  this  iPhone   X . Not feeling it.,
Couldn't agree more with this review.  iPhone   X  is my absolute favourite (sorry,
Hate  de recevoir mon  Iphone   X  chez @Maroc_Telecom https:// twitter.com/Maroc_Telecom/ status/930437339305971712   …,
Gostei de um vídeo @YouTube   http:// youtu.be/5qpox0j_qbo?aL earn   …  Colors Kinetic Sand Rainbow  Iphone   X  & knife  Bad  Kids Surprise Toys Kids For,
I  hate  the phone I'm using right now... The main reason I'm not using Twitter right now... 4 more weeks for the  iPhone   X,
I liked a @YouTube  video  http:// youtu.be/ou89o_PPuBY?a     iPhone   X  Review | The Good &  Bad,
Pengen beli  iPhone   X  tapi belom pernah pake  iPhone  A sampe  iPhone  W. Takut  bad  experience. :(,
Yes,
I like  iPhone   x . but I can't afford it. because it is very  expensive,
Not a  bad  start to the day. Jimmy eat world announced for @SlamDunkMusic  and my  iPhone   X  has finally been delivered,
Going to get the  iPhone   X  tomorrow. I  hate  this phone,
Hate  to be this guy but since the  iPhone  8 and  iPhone   X  have been released my 7 has been slow and freezing constantly.,
Is it  bad  that I got the  iPhone  8 plus over the  X ?,
"daily ""motivation"" : if u feel  useless  just think about  iPhone   x  notch",
bad  reviews on  iPhone   X ,
I bought the most  expensive   iPhone   X  to reserve the right to gripe about the vagaries of ownership,
0,
it's so  expensive  for a new one.. #IphoneX  #Apple  #iphone,
O will take the  IPhone  8.  X  is very  expensive  and I still have doubts about the new features .,
I've tried every way to return my phone before the 14 day limit. I  hate  the  iPhone   X,
Screw the  iPhone   X ,
a lady came into my store today and had the  iphone   x  and was complaining about how a shirt that was $7.99 was apparently too  expensive . okay bitch makes total sense lmao,
"Apple didn't include a number of gigabit LTE technologies in the  iPhone   X  or  iPhone  8 this year, even though most Android flagships have those features. Now, the newest and most  expensive  iPhones are massively slower than their Android counterparts",
0,
I want  iPhone   X  so  bad .,
Tak pernah aku ada niat mo beli  iphone  ni,
0,
Yess!!! Akhirnya  IPHONE   X  256gb,
,
,
,
,
,
,
,
,
,
,
,
,
,
,
,
,
,
,
,
,
,
,
,
,
,
,
,
,
,
,
,
,
,
,
,
,
,
,
,
,
,
,
,
,
,
,
,
,
,
,
,
,
,
,
,
,
,
,
,
,
,
,
,
,
,
,
,
,
,
,
,
,
,
,
,
,
,
,
,
,
,
,
,
,
,
,
,
,
,
,
,
,
,
,
,
,
,
,
,
,
,
,
,
,
,
,
,
,
,
,
,
,
,
,
,
,
,
,
,
,
,
,
,
,
,
,
,
,
,
,
,
,
,
,
,
,
,
,
,
,
,
,
,
,
,
,
,
,
,
,
,
,
,
,
,
,
,
,
,
,
,
,
,
,
,
,
,
,
,
,
,
,
,
,
,
,
,
,
,
,
,
,
,
,
,
,
,
,
,
,
,
,
,
,
,
,
,
,
,
,
,
,
,
,
,
,
,
,
,
,
,
,
,
,
,
,
,
,
,
,
,
,
,
,
,
,
,
,
,
,
,
,
,
,
,
,
,
,
,
,
,
,
,
,
,
,
,
,
,
,
,
,
,
,
,
,
,
,
,
,
,
,
,
,
,
,
,
,
,
,
,
,
,
,
,
,
,
,
,
,
,
,
,
,
,
,
,
,
,
,
,
,
,
,
,
,
,
,
,
,
,
,
,
,
,
,
,
,
,
,
,
,
,
,
,
,
,
,
,
,
,
,
,
,
,
,
,
,
,
,
,
,
,
,
,
,
,
,
,
,
,
,
,
,
,
,
,
,
,
,
,
,
,
,
,
,
,
,
,
,
,
,
,
,
,
,
,
,
,
,
,
,
,
,
,
,
,
,
,
,
,
,
,
,
,
,
,
,
,
,
,
,
,
,
,
,
,
,
,
,
,
,
,
,
,
,
,
,
,
,
,
,
,
,
,
,
,
,
,
,
,
,
,
,
,
,
,
,
,
,
,
,
,
,
,
,
,
,
,
,
,
,
,
,
,
,
,
,
,
,
,
,
,
,
,
,
,
,
,
,
,
,
,
,
,
,
,
,
,
,
,
,
,
,
,
,
,
,
,
,
,
,
,
,
,
,
,
,
,
,
,
,
,
,
,
,
,
,
,
,
,
,
,
,
,
,
,
,
,
,
,
,
,
,
,
,
,
,
,
,
,
,
,
,
,
,
,
,
,
,
,
,
,
,
,
,
,
,
,
,
,
,
,
,
,
,
,
,
,
,
,
,
,
,
,
,
,
,
,
,
,
,
,
,
,
,
,
,
,
,
,
,
,
,
,
,
,
,
,
,
,
,
,
,
,
,
,
,
,
,
,
,
,
,
,
,
,
,
,
,
,
,
,
,
,
,
,
,
,
,
,
,
,
,
,
,
,
,
,
,
,
,
,
,
,
,
,
,
,
,
,
,
,
,
,
,
,
,
,
,
,
,
,
,
,
,
,
,
,
,
,
,
,
,
,
,
,
,
,
,
,
,
,
,
,
,
,
,
,
,
,
,
,
,
,
,
,
,
,
,
,
,
,
,
,
,
,
,
,
,
,
,
,
,
,
,
,
,
,
,
,
,
,
,
,
,
,
,
,
,
,
,
,
,
,
,
,
,
,
,
,
,
,
,
,
,
,
,
,
,
,
,
,
,
,
,
,
,
,
,
,
,
,
,
,
,
,
,
,
,
,
,
,
,
,
,
,
,
,
,
,
,
,
,
,
,
,
,
,
,
,
,
,
,
,
,
,
,
,
,
,
,
,
,
,
,
,
,
,
,
,
,
,
,
,
,
,
,
,
,
,
,
,
,
,
,
,
,
,
,
,
,
,
,
,
,
,
,
,
,
,
,
,
,
,
,
,
,
,
,
,
,
,
,
,
,
,
,
,
,
,
,
,
,
,
,
,
,
,
,
,
,
,
,
,
,
,
,
,
,
,
,
,
,
,
,
,
,
,
,
,
,
,
,
,
,
,
,
,
,
,
,
,
,
,
,
,
,
,
,
,
,
,
,
,
,
,
,
,
,
,
,
,
,
,
,
,
,
,
,
,
,
,
,
,
,
,
,
,
,
,
,
,
,
,
,
,
,
,
,
,
,
,
,
,
,
,
,
,
,
,
,
,
,
,
,
,
,
,
,
,
,
,
,
,
,
,
,
,
,
,
,
,
,
,
,
,
,
,
,
,
,
,
,
,
,
,
,
,
,
,
,
,
,
,
,
,
,
,
,
,
,
,
,
,
,
,
,
,
,
,
,
,
,
,
,
,
,
,
,
,
,
,
,
,
,
,
,
,
,
,
,
,
,
,
,
,
,
,
,
,
,
,
,
,
,
,
,
,
,
,
,
,
,
,
,
,
,
,
,
,
,
,
,
,
,
,
,
,
,
,
,
,
,
,
,
,
,
,
,
,
,
,
,
,
,
,
,
,
,
,
,
,
,
,
,
,
,
,
,
,
,
,
,
,
,
,
,
,
,
,
,
,
,
,
,
,
,
,
,
,
,
,
,
,
,
,
,
,
,
,
,
,
,
,
,
,
,
,
,
,
,
,
,
,
,
,
,
,
,
,
,
,
,
,
,
,
,
,
,
,
,
,
,
,
,
,
,
,
,
,
,
,
,
,
,
,
,
,
,
,
,
,
,
,
,
,
,
,
,
,
,
,
,
,
,
,
,
,
,
,
,
,
,
,
,
,
,
,
,
,
,
,
,
,
,
,
,
,
,
,
,
,
,
,
,
,
,
,
,
,
,
,
,
,
,
,
,
,
,
,
,
,
,
,
,
,
,
,
,
,
,
,
,
,
,
,
,
,
,
,
,
,
,
,
,
,
,
,
,
,
,
,
,
,
,
,
,
,
,
,
,
,
,
,
,
,
,
,
,
,
,
,
,
,
,
,
,
,
,
,
,
,
,
,
,
,
,
,
,
,
,
,
,
,
,
,
,
,
,
,
,
,
,
,
,
,
,
,
,
,
,
,
,
,
,
,
,
,
,
,
,
,
,
,
,
,
,
,
,
,
,
,
,
,
,
,
,
,
,
,
,
,
,
,
,
,
,
,
,
,
,
,
,
,
,
,
,
,
,
,
,
,
,
,
,
,
,
,
,
,
,
,
,
,
,
,
,
,
,
,
,
,
,
,
,(
